Timestamp,Model,Num_Replicas,Tensor_Parallel,Pipeline_Parallel,Max_Batch_Tokens,Max_Num_Seqs,Concurrency,QPS,Max_Tokens,Temperature,Top_P,Total_Gen_Avg,Total_Gen_P50,Total_Gen_P90,Total_Gen_P99,First_Token_Avg,First_Token_P50,First_Token_P90,First_Token_P99,Inter_Token_Avg,Inter_Token_P50,Inter_Token_P90,Inter_Token_P99,Schedule_Delay_Avg,Schedule_Delay_P50,Schedule_Delay_P90,Schedule_Delay_P99,E2E_Latency_Avg,E2E_Latency_P50,E2E_Latency_P90,E2E_Latency_P99,Throughput,Total_Requests,Total_Input_Tokens,Total_Output_Tokens
run_20250820_072052,meta-llama/Meta-Llama-3-8B,1,1,1,512,512,8,10.0,3,0.7,0.9,104.14884487787883,99.51603412628174,138.41183185577393,167.09979057312006,49.63559150695801,43.40815544128418,74.22738075256349,108.72224092483518,27.254647811253864,24.044275283813477,36.338591575622566,43.33743095397949,0.8230249087015787,0.8263587951660156,1.1170148849487307,1.4880180358886714,104.9718697865804,100.1051664352417,139.2894744873047,167.78814315795893,27.727778180467453,300,94752,900
run_20250820_072150,meta-llama/Meta-Llama-3-8B,2,1,1,512,512,8,10.0,3,0.7,0.9,103.98130019505818,100.86965560913086,127.66075134277345,150.77510356903076,51.47583325703939,50.09603500366211,68.42617988586429,87.47763633728026,26.251240571339924,23.24092388153076,34.972214698791504,44.945573806762695,0.6815338134765625,0.6275177001953125,0.9365797042846681,1.1784958839416502,104.66283400853474,101.69339179992676,128.29887866973877,151.50087356567383,30.15417468423001,300,94752,900
run_20250820_072246,meta-llama/Meta-Llama-3-8B,4,1,1,512,512,8,10.0,3,0.7,0.9,102.34674294789632,99.70033168792725,120.50898075103763,136.38550043106076,51.74839496612549,50.370097160339355,66.96412563323975,84.82450723648071,25.29734929402669,23.453831672668457,33.80765914916992,44.241428375244126,0.7980910936991373,0.8025169372558594,1.0951280593872073,1.4026999473571773,103.14483404159546,100.38983821868896,121.65119647979738,137.26113557815546,30.132044842755455,300,94752,900
run_20250820_072344,meta-llama/Meta-Llama-3-8B,8,1,1,512,512,8,10.0,3,0.7,0.9,104.63515122731526,103.01852226257324,125.75757503509523,153.44723701477048,53.330370585123696,52.11472511291504,71.69885635375977,90.89650392532344,25.65078655878703,23.873090744018555,34.055399894714355,42.16148853302002,0.6665380795796713,0.6093978881835938,0.9124040603637695,1.154396533966064,105.30168930689494,103.58190536499023,126.28154754638673,154.44424152374265,28.683885685742855,300,94752,900
run_20250820_072445,meta-llama/Meta-Llama-3-8B,1,2,1,512,512,8,10.0,3,0.7,0.9,197.40864197413126,177.3695945739746,323.4956026077271,455.673816204071,109.62341626485188,90.5073881149292,192.4918889999391,282.6142072677611,43.89078458150228,19.2263126373291,87.39492893218994,88.33393335342407,0.8001883824666342,0.8302927017211914,1.0538816452026367,1.2552809715270994,198.2088303565979,178.24208736419678,324.0665435791017,456.5737056732177,28.80807712998483,300,94752,900
run_20250820_072545,meta-llama/Meta-Llama-3-8B,2,2,1,512,512,8,10.0,3,0.7,0.9,170.53261359532675,155.94136714935303,270.10493278503424,382.1454858779907,103.8184364636739,89.07628059387207,164.06292915344238,259.9639415740966,33.35533340771993,18.35453510284424,74.0862607955933,90.64176797866821,0.7798123359680176,0.7385015487670898,1.0937929153442383,1.3930654525756834,171.31242593129477,156.52906894683838,270.59984207153326,382.8902196884155,28.816300920102183,300,94752,900
run_20250820_072647,meta-llama/Meta-Llama-3-8B,4,2,1,512,512,8,10.0,3,0.7,0.9,156.73560778299967,146.61860466003418,229.82144355773926,315.5604529380798,97.16745615005493,87.12661266326904,150.96378326416016,201.51896953582764,29.782665570576984,18.42641830444336,60.347652435302734,89.02174472808836,0.6538359324137369,0.6234645843505859,0.8460760116577148,1.0690021514892574,157.38944371541342,147.32849597930908,230.58485984802246,316.332414150238,28.820922690627743,300,94752,900
run_20250820_072751,meta-llama/Meta-Llama-3-8B,1,4,1,512,512,8,10.0,3,0.7,0.9,247.64791011810303,220.89385986328125,436.5574598312378,536.8112134933472,140.83661794662476,119.23158168792725,257.1784973144532,369.634335041046,53.40389688809713,54.96048927307129,91.62600040435791,92.16225624084473,0.7929420471191406,0.7957220077514648,1.087641716003418,1.3447952270507812,248.44085216522217,221.69792652130127,437.5624418258667,537.3092675209045,33.66880710633875,300,94752,900
run_20250820_072846,meta-llama/Meta-Llama-3-8B,2,4,1,512,512,8,10.0,3,0.7,0.9,181.44547382990518,166.88251495361328,282.68585205078136,379.7112083435058,111.25506560007732,95.23379802703857,187.8271341323853,276.8748641014099,35.09363969167074,18.58997344970703,72.77762889862063,100.74322938919065,0.749677817026774,0.7025003433227539,1.0214567184448242,1.3434815406799312,182.19515164693198,167.81389713287354,283.680295944214,380.4525470733642,32.21863063879772,300,94752,900
run_20250820_072945,meta-llama/Meta-Llama-3-8B,1,8,1,512,512,8,10.0,3,0.7,0.9,2198.0033151308694,2199.873447418213,3091.3877010345464,3432.8858876228333,1888.2226093610127,1885.9751224517822,2778.376722335816,3120.539836883545,154.8890252908071,156.48305416107178,157.1455955505371,157.64380931854248,0.6078418095906576,0.5828142166137695,0.7675409317016602,0.9694528579711912,2198.61115694046,2200.3588676452637,3091.918826103211,3433.3162140846252,30.484531161683737,300,94752,900
run_20250820_231128,Qwen/Qwen2.5-1.5B,1,1,1,512,512,8,10.0,3,0.7,0.9,41.08300526936849,38.81990909576416,49.10383224487305,59.50366735458374,16.197510560353596,13.996005058288574,23.8497257232666,31.042811870574937,12.440770467122396,12.272000312805176,13.358664512634277,14.17386531829834,0.9434024492899576,0.9325742721557617,1.2777090072631836,1.628735065460205,42.02640771865845,39.76941108703613,49.78785514831543,60.058746337890625,29.31138541593113,300,90561,900
run_20250820_231222,Qwen/Qwen2.5-1.5B,2,1,1,512,512,8,10.0,3,0.7,0.9,43.855177561442055,42.470693588256836,50.44147968292236,57.041754722595165,18.55173110961914,17.340421676635742,25.309252738952637,32.20305681228633,12.649974822998047,12.530803680419922,12.943458557128906,15.845468044281004,0.9119884173075358,0.9131431579589844,1.2278318405151367,1.6945433616638181,44.767165978749595,43.39563846588135,51.29656791687012,58.459868431091266,31.031666392774515,300,90561,900
run_20250820_231316,Qwen/Qwen2.5-1.5B,4,1,1,512,512,8,10.0,3,0.7,0.9,44.51673666636149,43.396949768066406,52.04739570617676,63.87024402618404,19.101513226826984,18.090128898620605,25.95846652984619,35.34784555435178,12.705766359965006,12.534856796264648,13.322639465332031,16.25502109527588,0.9029682477315267,0.8879899978637695,1.2388467788696291,1.5568900108337393,45.41970491409302,44.2357063293457,52.848100662231445,64.81004953384395,29.458984548839364,300,90561,900
run_20250820_231412,Qwen/Qwen2.5-1.5B,8,1,1,512,512,8,10.0,3,0.7,0.9,46.367181142171226,45.0749397277832,53.88531684875488,65.50012588500972,19.71933126449585,18.904805183410645,25.879740715026855,35.30571222305294,13.322270313898722,13.120532035827637,13.67788314819336,17.133491039276066,0.7711982727050781,0.7159709930419922,1.0699272155761719,1.3380503654479947,47.138379414876304,45.89641094207764,54.46162223815918,66.14295959472652,30.595929288876658,300,90561,900
run_20250820_231509,Qwen/Qwen2.5-1.5B,1,2,1,512,512,8,10.0,3,0.7,0.9,69.73069826761882,55.85896968841553,75.29478073120117,509.3793272972098,35.391618410746254,24.151086807250977,40.72961807250978,366.09104394912646,17.168129682540894,15.039682388305664,18.75300407409668,30.410544872283936,0.71242888768514,0.6821155548095703,0.9314060211181641,1.1139845848083496,70.44312715530396,56.624650955200195,75.87826251983644,510.4137682914725,29.641958853469614,300,90561,900
run_20250820_231651,Qwen/Qwen2.5-1.5B,2,2,1,512,512,8,10.0,3,0.7,0.9,62.01465050379435,60.329318046569824,72.66039848327638,86.48395299911498,28.93870671590169,27.75752544403076,38.4216070175171,51.08407497406005,16.536061763763428,15.85531234741211,17.654561996459964,28.21132183074951,0.8868781725565592,0.8714199066162109,1.179313659667969,1.4863991737365723,62.901528676350914,61.30015850067139,73.84727001190186,87.19105720520018,26.493515368672742,300,90561,900
run_20250820_231812,Qwen/Qwen2.5-1.5B,4,2,1,512,512,8,10.0,3,0.7,0.9,68.68574221928914,62.207579612731934,76.97367668151857,216.44204378127947,34.41922744115194,29.415488243103027,42.848849296569824,170.37785053253174,17.131374677022297,16.021132469177246,17.789101600646973,28.931167125701904,1.1588390668233235,1.0794401168823242,1.7006635665893557,2.1489739418029785,69.84458128611247,63.48621845245361,78.47402095794678,217.3432326316823,30.03720616979761,300,90561,900
run_20250820_231931,Qwen/Qwen2.5-1.5B,1,4,1,512,512,8,10.0,3,0.7,0.9,69.21548684438069,59.175968170166016,77.04832553863525,344.2869162559494,33.48787546157837,25.404691696166992,41.555500030517585,168.90750885009638,17.862459421157837,15.444040298461914,20.522141456604007,32.02497959136963,0.6939888000488281,0.6682872772216797,0.8798599243164064,1.0976529121398924,69.90947564442952,59.98682975769043,77.82032489776611,344.9782824516281,28.76532113683217,300,90561,900
run_20250820_232032,Qwen/Qwen2.5-1.5B,2,4,1,512,512,8,10.0,3,0.7,0.9,65.88093121846516,62.694668769836426,76.37288570404053,206.20066642761222,32.740583419799805,30.413508415222168,41.8179988861084,124.16946649551357,16.568745374679565,15.501618385314941,19.518589973449707,30.13107299804687,0.7370416323343912,0.6957054138183594,0.9434938430786133,1.2236833572387695,66.61797285079956,63.452839851379395,77.00619697570801,207.04203367233268,27.509821274483052,300,90561,900
